product_id,product_name,category_id,launch_date,price
IP001,iPhone SE (2nd Gen) 64GB,CAT001,2020-04-24,399
IP002,iPhone SE (2nd Gen) 128GB,CAT001,2020-04-24,449
IP003,iPhone 12 64GB,CAT001,2020-10-23,799
IP004,iPhone 12 128GB,CAT001,2020-10-23,849
IP005,iPhone 12 256GB,CAT001,2020-10-23,949
IP006,iPhone 12 Mini 64GB,CAT001,2020-11-13,699
IP007,iPhone 12 Mini 128GB,CAT001,2020-11-13,749
IP008,iPhone 12 Mini 256GB,CAT001,2020-11-13,849
IP009,iPhone 12 Pro 128GB,CAT001,2020-10-23,999
IP010,iPhone 12 Pro 256GB,CAT001,2020-10-23,1099
IP011,iPhone 12 Pro 512GB,CAT001,2020-10-23,1299
IP012,iPhone 12 Pro Max 128GB,CAT001,2020-11-13,1099
IP013,iPhone 12 Pro Max 256GB,CAT001,2020-11-13,1199
IP014,iPhone 12 Pro Max 512GB,CAT001,2020-11-13,1399
IP015,iPhone 13 128GB,CAT001,2021-09-24,799
IP016,iPhone 13 256GB,CAT001,2021-09-24,899
IP017,iPhone 13 512GB,CAT001,2021-09-24,1099
IP018,iPhone 13 Mini 128GB,CAT001,2021-09-24,699
IP019,iPhone 13 Mini 256GB,CAT001,2021-09-24,799
IP020,iPhone 13 Mini 512GB,CAT001,2021-09-24,999
IP021,iPhone 13 Pro 128GB,CAT001,2021-09-24,999
IP022,iPhone 13 Pro 256GB,CAT001,2021-09-24,1099
IP023,iPhone 13 Pro 512GB,CAT001,2021-09-24,1299
IP024,iPhone 13 Pro 1024GB,CAT001,2021-09-24,1499
IP025,iPhone 13 Pro Max 128GB,CAT001,2021-09-24,1099
IP026,iPhone 13 Pro Max 256GB,CAT001,2021-09-24,1199
IP027,iPhone 13 Pro Max 512GB,CAT001,2021-09-24,1399
IP028,iPhone 13 Pro Max 1024GB,CAT001,2021-09-24,1599
IP029,iPhone SE (3rd Gen) 64GB,CAT001,2022-03-18,429
IP030,iPhone SE (3rd Gen) 128GB,CAT001,2022-03-18,479
IP031,iPhone SE (3rd Gen) 256GB,CAT001,2022-03-18,579
IP032,iPhone 14 128GB,CAT001,2022-09-16,799
IP033,iPhone 14 256GB,CAT001,2022-09-16,899
IP034,iPhone 14 512GB,CAT001,2022-09-16,1099
IP035,iPhone 14 Plus 128GB,CAT001,2022-10-07,899
IP036,iPhone 14 Plus 256GB,CAT001,2022-10-07,999
IP037,iPhone 14 Plus 512GB,CAT001,2022-10-07,1199
IP038,iPhone 14 Pro 128GB,CAT001,2022-09-16,999
IP039,iPhone 14 Pro 256GB,CAT001,2022-09-16,1099
IP040,iPhone 14 Pro 512GB,CAT001,2022-09-16,1299
IP041,iPhone 14 Pro 1024GB,CAT001,2022-09-16,1499
IP042,iPhone 14 Pro Max 128GB,CAT001,2022-09-16,1099
IP043,iPhone 14 Pro Max 256GB,CAT001,2022-09-16,1199
IP044,iPhone 14 Pro Max 512GB,CAT001,2022-09-16,1399
IP045,iPhone 14 Pro Max 1024GB,CAT001,2022-09-16,1599
IP046,iPhone 15 128GB,CAT001,2023-09-22,799
IP047,iPhone 15 256GB,CAT001,2023-09-22,899
IP048,iPhone 15 512GB,CAT001,2023-09-22,1099
IP049,iPhone 15 Plus 128GB,CAT001,2023-09-22,899
IP050,iPhone 15 Plus 256GB,CAT001,2023-09-22,999
IP051,iPhone 15 Plus 512GB,CAT001,2023-09-22,1199
IP052,iPhone 15 Pro 128GB,CAT001,2023-09-22,999
IP053,iPhone 15 Pro 256GB,CAT001,2023-09-22,1099
IP054,iPhone 15 Pro 512GB,CAT001,2023-09-22,1299
IP055,iPhone 15 Pro 1024GB,CAT001,2023-09-22,1499
IP056,iPhone 15 Pro Max 256GB,CAT001,2023-09-22,1199
IP057,iPhone 15 Pro Max 512GB,CAT001,2023-09-22,1399
IP058,iPhone 15 Pro Max 1024GB,CAT001,2023-09-22,1599
IP059,iPhone 16 128GB,CAT001,2024-09-20,799
IP060,iPhone 16 256GB,CAT001,2024-09-20,899
IP061,iPhone 16 512GB,CAT001,2024-09-20,1099
IP062,iPhone 16 Plus 128GB,CAT001,2024-09-20,899
IP063,iPhone 16 Plus 256GB,CAT001,2024-09-20,999
IP064,iPhone 16 Plus 512GB,CAT001,2024-09-20,1199
IP065,iPhone 16 Pro 128GB,CAT001,2024-09-20,999
IP066,iPhone 16 Pro 256GB,CAT001,2024-09-20,1099
IP067,iPhone 16 Pro 512GB,CAT001,2024-09-20,1299
IP068,iPhone 16 Pro 1024GB,CAT001,2024-09-20,1499
IP069,iPhone 16 Pro Max 256GB,CAT001,2024-09-20,1199
IP070,iPhone 16 Pro Max 512GB,CAT001,2024-09-20,1399
IP071,iPhone 16 Pro Max 1024GB,CAT001,2024-09-20,1599
IP072,iPhone 16e 128GB,CAT001,2025-02-28,599
IP073,iPhone 16e 256GB,CAT001,2025-02-28,699
MAC001,MacBook Air M1 256GB SSD,CAT002,2020-11-17,999
MAC002,MacBook Air M1 512GB SSD,CAT002,2020-11-17,1249
MAC003,MacBook Air M2 13 256GB SSD,CAT002,2022-07-15,1199
MAC004,MacBook Air M2 13 512GB SSD,CAT002,2022-07-15,1499
MAC005,MacBook Air M2 15 256GB SSD,CAT002,2023-06-13,1299
MAC006,MacBook Air M2 15 512GB SSD,CAT002,2023-06-13,1599
MAC007,MacBook Air M3 13 256GB SSD,CAT002,2024-03-08,1099
MAC008,MacBook Air M3 13 512GB SSD,CAT002,2024-03-08,1399
MAC009,MacBook Air M3 15 256GB SSD,CAT002,2024-03-08,1299
MAC010,MacBook Air M3 15 512GB SSD,CAT002,2024-03-08,1599
MAC011,MacBook Pro 14 M3 512GB SSD,CAT002,2023-11-07,1599
MAC012,MacBook Pro 14 M3 1024GB SSD,CAT002,2023-11-07,1999
MAC013,MacBook Pro 16 M3 Pro 512GB SSD,CAT002,2023-11-07,2499
MAC014,MacBook Pro 16 M3 Pro 1024GB SSD,CAT002,2023-11-07,2899
MAC015,iMac M3 256GB SSD,CAT002,2023-11-07,1299
MAC016,iMac M3 512GB SSD,CAT002,2023-11-07,1499
MAC017,Mac Mini M2 256GB SSD,CAT002,2023-01-24,599
MAC018,Mac Mini M2 512GB SSD,CAT002,2023-01-24,799
MAC019,Mac Studio M2 Max 512GB SSD,CAT002,2023-06-13,1999
MAC020,Mac Studio M2 Max 1024GB SSD,CAT002,2023-06-13,2399
MAC021,Mac Pro M2 Ultra 1024GB SSD,CAT002,2023-06-13,6999
MAC022,Mac Pro M2 Ultra 2048GB SSD,CAT002,2023-06-13,7999
IPD001,iPad 9th Gen 64GB,CAT003,2021-09-24,329
IPD002,iPad 9th Gen 256GB,CAT003,2021-09-24,479
IPD003,iPad 10th Gen 64GB,CAT003,2022-10-26,449
IPD004,iPad 10th Gen 256GB,CAT003,2022-10-26,599
IPD005,iPad Mini 6 64GB,CAT003,2021-09-24,499
IPD006,iPad Mini 6 256GB,CAT003,2021-09-24,649
IPD007,iPad Air M2 11 128GB,CAT003,2024-05-15,599
IPD008,iPad Air M2 11 256GB,CAT003,2024-05-15,699
IPD009,iPad Air M2 11 512GB,CAT003,2024-05-15,899
IPD010,iPad Air M2 13 128GB,CAT003,2024-05-15,799
IPD011,iPad Air M2 13 256GB,CAT003,2024-05-15,899
IPD012,iPad Air M2 13 512GB,CAT003,2024-05-15,1099
IPD013,iPad Pro M4 11 256GB,CAT003,2024-05-15,999
IPD014,iPad Pro M4 11 512GB,CAT003,2024-05-15,1199
IPD015,iPad Pro M4 11 1024GB,CAT003,2024-05-15,1499
IPD016,iPad Pro M4 13 256GB,CAT003,2024-05-15,1299
IPD017,iPad Pro M4 13 512GB,CAT003,2024-05-15,1499
IPD018,iPad Pro M4 13 1024GB,CAT003,2024-05-15,1799
AW001,Apple Watch SE 2 GPS,CAT004,2022-09-16,249
AW002,Apple Watch SE 2 GPS + Cellular,CAT004,2022-09-16,349
AW003,Apple Watch Series 9 GPS,CAT004,2023-09-22,399
AW004,Apple Watch Series 9 GPS + Cellular,CAT004,2023-09-22,499
AW005,Apple Watch Ultra 2 GPS,CAT004,2023-09-22,799
AW006,Apple Watch Ultra 2 GPS + Cellular,CAT004,2023-09-22,899
AW007,Apple Watch Series 10 GPS,CAT004,2024-09-20,399
AW008,Apple Watch Series 10 GPS + Cellular,CAT004,2024-09-20,499
AP001,AirPods 2nd Gen,CAT005,2019-03-26,129
AP002,AirPods 3rd Gen,CAT005,2021-10-26,169
AP003,AirPods 4th Gen,CAT005,2024-09-20,179
AP004,AirPods Pro 2 USB-C,CAT005,2023-09-22,249
AP005,AirPods Max,CAT005,2020-12-15,549
ACC001,Apple Pencil (1st Gen),CAT006,2023-01-01,99
ACC002,Apple Pencil USB-C,CAT006,2023-01-01,79
ACC003,Apple Pencil Pro,CAT006,2023-01-01,129
ACC004,Magic Keyboard,CAT006,2023-01-01,99
ACC005,Magic Mouse,CAT006,2023-01-01,79
ACC006,Magic Trackpad,CAT006,2023-01-01,129
ACC007,AirTag,CAT006,2023-01-01,29
ACC008,20W USB-C Adapter,CAT006,2023-01-01,19
ACC009,35W Dual USB-C Adapter,CAT006,2023-01-01,59
ACC010,USB-C Charge Cable 1m,CAT006,2023-01-01,19
ACC011,USB-C Charge Cable 2m,CAT006,2023-01-01,29
ACC012,MagSafe Charger,CAT006,2023-01-01,39
ACC013,MagSafe Duo,CAT006,2023-01-01,129
ACC014,FineWoven iPhone Case,CAT006,2023-01-01,59
ACC015,Silicone iPhone Case,CAT006,2023-01-01,49
ACC016,Apple Watch Sport Band,CAT006,2023-01-01,49
ACC017,Apple Watch Milanese Loop,CAT006,2023-01-01,99
ACC018,Thunderbolt 4 Cable,CAT006,2023-01-01,69
ACC019,USB-C to Lightning Cable,CAT006,2023-01-01,19
ACC020,Polishing Cloth,CAT006,2023-01-01,19
